aoi,scene_id,season,tms_url
1,tile539601_736815_736967,GS,https://tiles.rasterfoundry.com/tiles/de5444c8-1fe0-4e94-a737-cbc3344ac3fe/{z}/{x}/{y}/?mapToken=18607454-6305-462e-ba33-4a91531e8b05
1,tile539602_736815_736967,GS,https://tiles.rasterfoundry.com/tiles/3d5c5a3c-63d6-4f03-8e71-9a2cb4498fc7/{z}/{x}/{y}/?mapToken=641d1245-634d-4e94-a83f-e5501d57a4df
1,tile539603_736815_736967,GS,https://tiles.rasterfoundry.com/tiles/c5de3244-46fd-4d9a-a7b6-57dba53acb2a/{z}/{x}/{y}/?mapToken=c0d4ed22-1574-441f-9fee-3aab2afe4232
1,tile539604_736815_736967,GS,https://tiles.rasterfoundry.com/tiles/72f3635c-0f5a-4ad0-8dfc-cb06d37c268a/{z}/{x}/{y}/?mapToken=84ea6a7f-09e0-4a46-9a3e-75ac37651fd9
1,tile539605_736815_736967,GS,https://tiles.rasterfoundry.com/tiles/d01aae2d-437b-4581-9a48-c5deab265cc0/{z}/{x}/{y}/?mapToken=1ec1cf46-b536-4c57-a0ad-0c72217b476c
1,tile539606_736815_736967,GS,https://tiles.rasterfoundry.com/tiles/22fe5000-743b-412d-bc6c-1f0d3c570416/{z}/{x}/{y}/?mapToken=42bbcecd-81b9-4ea9-b739-35b6f48e25e2
1,tile539607_736815_736967,GS,https://tiles.rasterfoundry.com/tiles/7f704b5a-8bea-4bef-868a-b4f7e4c50c4b/{z}/{x}/{y}/?mapToken=809afa68-76ae-4b1c-bf23-6ff79e20641c
1,tile539608_736815_736967,GS,https://tiles.rasterfoundry.com/tiles/82101362-c9e8-4293-bbe3-df0e6310424a/{z}/{x}/{y}/?mapToken=b9923b31-8cbd-424b-843f-220d0753fa25
1,tile539609_736815_736967,GS,https://tiles.rasterfoundry.com/tiles/72bc308d-3804-4643-8979-cbea649bba53/{z}/{x}/{y}/?mapToken=c346d070-be62-4337-aa8c-0d8b57f13f20
1,tile539610_736815_736967,GS,https://tiles.rasterfoundry.com/tiles/d212c005-e2ca-429c-88e0-953dcd45158c/{z}/{x}/{y}/?mapToken=41e64729-ffcf-41a4-85c6-73c1ce5dab06
1,tile539611_736815_736967,GS,https://tiles.rasterfoundry.com/tiles/49e87ba9-84f3-4c0e-aa18-36529a178c6d/{z}/{x}/{y}/?mapToken=c76a73f8-c858-448d-a5c2-5f997b07b1f5
1,tile539612_736815_736967,GS,https://tiles.rasterfoundry.com/tiles/1757128d-9fd6-46b3-9b27-4fad3649d0c3/{z}/{x}/{y}/?mapToken=65d6d0d9-52a1-409d-a5f3-da4ea63f72d8
1,tile539613_736815_736967,GS,https://tiles.rasterfoundry.com/tiles/e73336bd-8738-4f15-9691-f089e47f529b/{z}/{x}/{y}/?mapToken=2afad7ae-d0e3-455b-8847-556849427b88
1,tile539614_736815_736967,GS,https://tiles.rasterfoundry.com/tiles/d918ceda-cd53-49a1-8a29-c760114b5cfc/{z}/{x}/{y}/?mapToken=22d6a39e-a99b-4da2-b594-abb9e1e65472
1,tile539615_736815_736967,GS,https://tiles.rasterfoundry.com/tiles/05cc6a8e-3b9a-415d-a00e-b6507f7a5c36/{z}/{x}/{y}/?mapToken=12182862-3c27-4977-b4a2-107bb4936bee
1,tile539616_736815_736967,GS,https://tiles.rasterfoundry.com/tiles/d266b545-d92a-4f8a-a5b6-bb5d0f78a918/{z}/{x}/{y}/?mapToken=80331bed-6341-43b1-929a-f94359791a38
1,tile539617_736815_736967,GS,https://tiles.rasterfoundry.com/tiles/c390a043-aed7-4aa0-be67-d8fe86bcb3d8/{z}/{x}/{y}/?mapToken=1beef584-593d-4695-a441-421da2c8e727
1,tile539618_736815_736967,GS,https://tiles.rasterfoundry.com/tiles/19d135d4-9c99-4d35-b555-e0dc50ec024d/{z}/{x}/{y}/?mapToken=b120cd97-3477-4c22-9307-b15d5b3b20c0
1,tile539619_736815_736967,GS,https://tiles.rasterfoundry.com/tiles/1c7dbc49-ecda-4c59-8cc0-933bc03bee54/{z}/{x}/{y}/?mapToken=dad9d64f-ccf7-4bb3-9f30-add31542ab1e
1,tile539620_736815_736967,GS,https://tiles.rasterfoundry.com/tiles/f220430a-4329-49e3-bd6e-d50c9651e3a1/{z}/{x}/{y}/?mapToken=f3d3bf71-8f73-4424-b012-76d11d053891
1,tile539621_736815_736967,GS,https://tiles.rasterfoundry.com/tiles/35daf6ca-3286-49c7-aa14-4c17da97194f/{z}/{x}/{y}/?mapToken=f7631cb5-1921-4486-805c-2e4e6b9a415a
1,tile539622_736815_736967,GS,https://tiles.rasterfoundry.com/tiles/b9749fb3-8a95-461d-9c1b-e84415486d1b/{z}/{x}/{y}/?mapToken=6a0398fa-63a9-4ee0-87f6-c1d2437ddc1c
1,tile539623_736815_736967,GS,https://tiles.rasterfoundry.com/tiles/94a3bf7c-3ab3-4d9f-ab4b-cf65a160a555/{z}/{x}/{y}/?mapToken=37220daa-ef50-4749-884b-a0b9d9b83a89
1,tile539624_736815_736967,GS,https://tiles.rasterfoundry.com/tiles/087014d8-419d-41d8-a6cc-1e506ce71800/{z}/{x}/{y}/?mapToken=6a1b7743-b746-4224-a168-f6588106a29f
1,tile539625_736815_736967,GS,https://tiles.rasterfoundry.com/tiles/e76d2f69-69d0-468d-9c3f-45683532e138/{z}/{x}/{y}/?mapToken=28bfec2f-985b-4227-bb3c-d4725831d95c
2,tile539626_736815_736967,GS,https://tiles.rasterfoundry.com/tiles/7dfb62ec-ec65-4049-aaf1-ef1437b0379b/{z}/{x}/{y}/?mapToken=2e347e0f-a89c-4c24-9c36-8901234cdec6
2,tile539627_736815_736967,GS,https://tiles.rasterfoundry.com/tiles/1772c0cc-bc13-43cd-92d5-8b559e7d7f82/{z}/{x}/{y}/?mapToken=2e7d3d72-883f-4149-8272-00af0bf11448
2,tile539628_736815_736967,GS,https://tiles.rasterfoundry.com/tiles/a5a5d23a-1642-4b8c-8ae5-9e1137212b73/{z}/{x}/{y}/?mapToken=600bf7ed-35a8-40e3-88ae-0a57995bcd23
2,tile539629_736815_736967,GS,https://tiles.rasterfoundry.com/tiles/be369c4b-13f0-47db-8cc8-cf1e7231b004/{z}/{x}/{y}/?mapToken=dfd7d899-2abf-4491-9280-65d3b23f0899
2,tile539630_736815_736967,GS,https://tiles.rasterfoundry.com/tiles/5566322a-9dff-4b9d-9eb8-6c741988576e/{z}/{x}/{y}/?mapToken=09111c09-766b-4de3-8e21-c35bda3a2b2d
2,tile539631_736815_736967,GS,https://tiles.rasterfoundry.com/tiles/5d339fa5-71ca-4177-aa73-92aa75e6c206/{z}/{x}/{y}/?mapToken=17aaff57-b73b-40bd-9dc2-61cbc37d2c8c
2,tile539632_736815_736967,GS,https://tiles.rasterfoundry.com/tiles/36fabf48-345a-4dfe-9bad-410ae39e62e6/{z}/{x}/{y}/?mapToken=c837f56e-0c04-43e8-9706-025880d4b042
2,tile539633_736815_736967,GS,https://tiles.rasterfoundry.com/tiles/9bd58d84-e285-43b8-9532-088521290499/{z}/{x}/{y}/?mapToken=85732f91-60a7-416d-9bc9-228d631cce58
2,tile539634_736815_736967,GS,https://tiles.rasterfoundry.com/tiles/a28db012-d80d-4c54-93ea-1d8a2918d52d/{z}/{x}/{y}/?mapToken=4e6b786e-db89-4a74-9e8e-72c70d88413f
2,tile539635_736815_736967,GS,https://tiles.rasterfoundry.com/tiles/e52bf800-baac-493c-b6b6-9a593a922c02/{z}/{x}/{y}/?mapToken=a2ef384f-f024-4aed-a1f9-6857a43e9e02
2,tile539636_736815_736967,GS,https://tiles.rasterfoundry.com/tiles/9fff8a91-5e41-4497-8d5f-3c96ae77d927/{z}/{x}/{y}/?mapToken=090b0a2c-9717-488c-b8b6-1b0fd8bf1ad0
2,tile539637_736815_736967,GS,https://tiles.rasterfoundry.com/tiles/60347b57-1536-4f17-911e-a8504bde4846/{z}/{x}/{y}/?mapToken=e3c9d581-5a92-4424-b91a-6806355364fc
2,tile539638_736815_736967,GS,https://tiles.rasterfoundry.com/tiles/b781e988-cab8-455d-9b93-c59127d93323/{z}/{x}/{y}/?mapToken=ec8942e9-3a72-430f-98b2-7d5c78cef643
2,tile539639_736815_736967,GS,https://tiles.rasterfoundry.com/tiles/ee3b6976-9c50-4079-8775-4a214cc2e118/{z}/{x}/{y}/?mapToken=88f12e24-68df-4d58-b316-c316e823b739
2,tile539640_736815_736967,GS,https://tiles.rasterfoundry.com/tiles/f29fb579-766d-4579-8e21-79c6a4037923/{z}/{x}/{y}/?mapToken=24d44a76-be86-4b55-a29b-bd888f4a9e7d
2,tile539641_736815_736967,GS,https://tiles.rasterfoundry.com/tiles/912e0768-3b8b-47bd-b65e-e343973e0bbf/{z}/{x}/{y}/?mapToken=af2875e5-915b-454b-ac54-b029c0d7cddf
2,tile539642_736815_736967,GS,https://tiles.rasterfoundry.com/tiles/ceb318ef-b96f-474d-aa1e-92d39285606c/{z}/{x}/{y}/?mapToken=b371b2c9-1dd3-436b-ab1d-3403a9efda16
2,tile539643_736815_736967,GS,https://tiles.rasterfoundry.com/tiles/e0499efb-8cd8-4fbe-86c7-4a96391f5f92/{z}/{x}/{y}/?mapToken=126aa115-7b75-484b-ae7e-b8161c35b57f
2,tile539644_736815_736967,GS,https://tiles.rasterfoundry.com/tiles/134bd25a-b033-4ea6-803e-cfdddeeed9bb/{z}/{x}/{y}/?mapToken=9651300e-761e-4a67-8b75-94b5636d7a53
2,tile539645_736815_736967,GS,https://tiles.rasterfoundry.com/tiles/b5fa3619-cf32-4651-b837-9a0d9487cc49/{z}/{x}/{y}/?mapToken=2eb15fd3-bf5c-4a7f-af56-65d377e16161
2,tile539646_736815_736967,GS,https://tiles.rasterfoundry.com/tiles/0e9bcb92-d4d7-4de9-a781-5aeee7ae33d3/{z}/{x}/{y}/?mapToken=4579ac87-2ef0-4aa5-bf64-0d9208d943df
2,tile539647_736815_736967,GS,https://tiles.rasterfoundry.com/tiles/b63941d9-7b28-499e-a786-deba6dc07e69/{z}/{x}/{y}/?mapToken=9a65e640-3f61-489a-a328-369ecd33b85c
2,tile539648_736815_736967,GS,https://tiles.rasterfoundry.com/tiles/ba6be9b5-0705-4505-897a-84e280414cbd/{z}/{x}/{y}/?mapToken=e502a9b5-da24-4eb5-8645-2513727cd074
2,tile539649_736815_736967,GS,https://tiles.rasterfoundry.com/tiles/8d5499cd-5bb2-48b1-afd1-e9c1b1d753f4/{z}/{x}/{y}/?mapToken=96d995d1-8f73-4f14-a6f6-b3631a84bd3a
2,tile539650_736815_736967,GS,https://tiles.rasterfoundry.com/tiles/38a61087-7b3a-4e0d-bc25-66a00b122f7a/{z}/{x}/{y}/?mapToken=a6769e3e-821a-4363-bda1-d7b240964b8d
2,tile539651_736815_736967,GS,https://tiles.rasterfoundry.com/tiles/81b479ce-f95c-4d35-96d8-c7463ad2de67/{z}/{x}/{y}/?mapToken=00b59fe1-e76c-4765-8b42-d0ef44e92e22
3,tile539652_736815_736967,GS,https://tiles.rasterfoundry.com/tiles/58dbae98-8fd5-4ce4-8b31-c8cc8c30e299/{z}/{x}/{y}/?mapToken=cc5c5c4e-516b-4d7d-960c-788a0d07f39d
3,tile539653_736815_736967,GS,https://tiles.rasterfoundry.com/tiles/052f8a79-3b2c-4e77-bccb-e5f7a632f09a/{z}/{x}/{y}/?mapToken=ac661bbf-2fd7-4790-b1d8-adb9b54977c8
3,tile539654_736815_736967,GS,https://tiles.rasterfoundry.com/tiles/18e21ece-0597-463c-ab02-7df010ea81af/{z}/{x}/{y}/?mapToken=0bdc2d5e-3247-44d3-9351-5036f08aa724
3,tile539655_736815_736967,GS,https://tiles.rasterfoundry.com/tiles/76748fb0-5ad9-4091-a3ee-b0de4a0b0d7a/{z}/{x}/{y}/?mapToken=d4ad0d9c-90f6-4770-9b44-70a40d3252ac
3,tile539656_736815_736967,GS,https://tiles.rasterfoundry.com/tiles/42d9c3fc-c243-4322-981f-723a87e8f869/{z}/{x}/{y}/?mapToken=cf242779-df44-46cb-a686-5bd15ffc6ab9
3,tile539657_736815_736967,GS,https://tiles.rasterfoundry.com/tiles/594a019f-891e-4957-bab1-967712696f15/{z}/{x}/{y}/?mapToken=9fd5dbb8-5a5e-46fa-8c33-3b5cbb29431d
3,tile539658_736815_736967,GS,https://tiles.rasterfoundry.com/tiles/b5664039-2df1-4c26-92a9-488f6ed3a259/{z}/{x}/{y}/?mapToken=65309c78-bfde-45c6-863b-b4ad83861176
3,tile539659_736815_736967,GS,https://tiles.rasterfoundry.com/tiles/394f2a0d-7895-435c-9de4-9519386118bc/{z}/{x}/{y}/?mapToken=3dd12be0-871d-4c51-b192-553abbac0771
3,tile539660_736815_736967,GS,https://tiles.rasterfoundry.com/tiles/a03f9ab1-b060-4da7-8a7a-a8bba1d0cadb/{z}/{x}/{y}/?mapToken=44f46847-420d-4532-828d-5dad6096815b
3,tile539661_736815_736967,GS,https://tiles.rasterfoundry.com/tiles/9a29718f-f482-449e-a73b-268eae2e252e/{z}/{x}/{y}/?mapToken=22109fd2-6cc0-4a53-a90a-73cc3de760ef
3,tile539663_736815_736967,GS,https://tiles.rasterfoundry.com/tiles/3c853518-c0bf-4db0-9b6b-61acfbe39bb8/{z}/{x}/{y}/?mapToken=24157975-61be-49d0-b7ef-b0b7f8e02e4a
3,tile539664_736815_736967,GS,https://tiles.rasterfoundry.com/tiles/939194fd-f40d-4c36-838b-bcb2b6177e16/{z}/{x}/{y}/?mapToken=681c94b3-2317-4ac2-869b-ae0b5d78f72b
3,tile539665_736815_736967,GS,https://tiles.rasterfoundry.com/tiles/b52fb4aa-ff0c-447f-8001-ada59e85299e/{z}/{x}/{y}/?mapToken=5eae90bb-f851-4e2d-a986-8552c07fa065
3,tile539666_736815_736967,GS,https://tiles.rasterfoundry.com/tiles/9d293962-8cb2-4909-8bea-d06b2cee6ab0/{z}/{x}/{y}/?mapToken=7f79209b-665c-4f38-a5fe-8df534493a9c
3,tile539667_736815_736967,GS,https://tiles.rasterfoundry.com/tiles/d2c95629-a693-4932-81ba-b917bdceab30/{z}/{x}/{y}/?mapToken=cd2641f7-2019-4272-8f29-0dc39d8296a1
3,tile539668_736815_736967,GS,https://tiles.rasterfoundry.com/tiles/a2b914fa-5b8e-4b41-b4ec-9147eaec89e7/{z}/{x}/{y}/?mapToken=e55a5f0d-5c66-444f-b1c5-1d632bfad99f
3,tile539669_736815_736967,GS,https://tiles.rasterfoundry.com/tiles/217f48bc-80c3-4107-b613-518eac8ffb60/{z}/{x}/{y}/?mapToken=1c31f028-717e-4b6e-89cc-4c60cea6c732
3,tile539670_736815_736967,GS,https://tiles.rasterfoundry.com/tiles/adb4cbba-223a-45c9-879e-dc6db3e46455/{z}/{x}/{y}/?mapToken=70f1bfd4-5b4b-4823-b449-b9372101b10e
3,tile539671_736815_736967,GS,https://tiles.rasterfoundry.com/tiles/c4d26588-c968-4349-ae13-a6dcd000331b/{z}/{x}/{y}/?mapToken=13bb0606-e731-4a6e-b868-0b3ecee58b3e
3,tile539672_736815_736967,GS,https://tiles.rasterfoundry.com/tiles/e07e6dee-0900-4ea7-835e-7184ff6408a7/{z}/{x}/{y}/?mapToken=f514a818-057f-4600-98ab-f029ae06b248
3,tile539673_736815_736967,GS,https://tiles.rasterfoundry.com/tiles/86850350-734b-4199-951a-d2a4db13fe6a/{z}/{x}/{y}/?mapToken=b8f95465-54b6-4857-bb77-9be39d480b3f
3,tile539674_736815_736967,GS,https://tiles.rasterfoundry.com/tiles/07f7c4b1-79a3-4693-bfa2-a5c4d60c5c03/{z}/{x}/{y}/?mapToken=0907432e-dd28-493c-9a24-07f8d4fd781a
3,tile539675_736815_736967,GS,https://tiles.rasterfoundry.com/tiles/32da89b7-2260-4cf2-9982-39a82f340baf/{z}/{x}/{y}/?mapToken=9b1ef943-b672-473e-b593-d7ea55776510
3,tile539676_736815_736967,GS,https://tiles.rasterfoundry.com/tiles/d31738e0-2ddd-432f-bb1d-a0c967504824/{z}/{x}/{y}/?mapToken=88e6f455-cc95-4056-ade5-e2286b94c5d1
3,tile539677_736815_736967,GS,https://tiles.rasterfoundry.com/tiles/931e0990-70a2-4b14-bfae-c2dab573f30b/{z}/{x}/{y}/?mapToken=1e9c9a5d-c25b-45b8-99b2-daaeaac77d22
4,tile539678_736815_736967,GS,https://tiles.rasterfoundry.com/tiles/0286b2ce-7073-49cf-b48b-ecc3da712820/{z}/{x}/{y}/?mapToken=ec68d0a1-b6ca-485d-ab7c-e04caec19f26
4,tile539679_736815_736967,GS,https://tiles.rasterfoundry.com/tiles/7595a6ff-6ab1-40a3-b8db-8a87528b6f90/{z}/{x}/{y}/?mapToken=210c7b50-8ca8-440b-b696-af0fb38c3112
4,tile539680_736815_736967,GS,https://tiles.rasterfoundry.com/tiles/315f848d-a79f-4911-bfa7-57ec45042c33/{z}/{x}/{y}/?mapToken=1c1e9707-bf9f-4811-8534-50e9df8ff49d
4,tile539681_736815_736967,GS,https://tiles.rasterfoundry.com/tiles/ebe3a14e-f7a9-414f-a4bd-9e03fbeaaf08/{z}/{x}/{y}/?mapToken=d2f73506-395a-4517-84f7-a95d40685215
4,tile539682_736815_736967,GS,https://tiles.rasterfoundry.com/tiles/b4bc05c5-eb83-47a8-863b-d6eed224eea9/{z}/{x}/{y}/?mapToken=28fae978-af4d-4aae-b783-d706dc4e2ede
4,tile539683_736815_736967,GS,https://tiles.rasterfoundry.com/tiles/520d8c6c-efb0-4843-afb2-4f7a8936f036/{z}/{x}/{y}/?mapToken=ade08e6a-a436-4b13-b4bc-295889999371
4,tile539684_736815_736967,GS,https://tiles.rasterfoundry.com/tiles/93c42029-fe60-4a79-89e6-04ecb40eaf88/{z}/{x}/{y}/?mapToken=d8eb66d0-7daf-49fd-9736-5ae9330658a6
4,tile539685_736815_736967,GS,https://tiles.rasterfoundry.com/tiles/95e9ead8-49e3-44de-b3ff-c68728a675b9/{z}/{x}/{y}/?mapToken=ae9af872-d495-4211-8bfc-5b1207a5b4e7
4,tile539686_736815_736967,GS,https://tiles.rasterfoundry.com/tiles/834224cd-ce91-4a95-861f-382830fc4d16/{z}/{x}/{y}/?mapToken=49edc9ff-34fd-4659-8561-f4340b1bdbdd
4,tile539687_736815_736967,GS,https://tiles.rasterfoundry.com/tiles/536efd3b-beb4-4777-a98a-f60bc352ef9f/{z}/{x}/{y}/?mapToken=679f8e8a-d3a9-4c4d-95d2-65cee68f391d
4,tile539688_736815_736967,GS,https://tiles.rasterfoundry.com/tiles/8d673cfd-cdbb-4f6f-b9c2-e0bef07f7cee/{z}/{x}/{y}/?mapToken=3c9c7799-aef1-4fc5-8656-9b44c0d87a19
4,tile539689_736815_736967,GS,https://tiles.rasterfoundry.com/tiles/17cee9c3-0fcf-4837-bfa6-bf7c12bfdb05/{z}/{x}/{y}/?mapToken=bde4d41b-4957-4666-b0df-403d386e0f21
4,tile539690_736815_736967,GS,https://tiles.rasterfoundry.com/tiles/368e53d1-889f-425f-bce9-fd939af93c17/{z}/{x}/{y}/?mapToken=03a7fa8b-f838-46eb-a7b0-ee83948215a4
4,tile539691_736815_736967,GS,https://tiles.rasterfoundry.com/tiles/709314e1-e6ee-467d-b11b-0447759aa3dc/{z}/{x}/{y}/?mapToken=8f41e158-1ecc-43f2-8a77-99e52f4780b4
4,tile539692_736815_736967,GS,https://tiles.rasterfoundry.com/tiles/e05f2f82-7018-4acc-b76d-a465358bfdc6/{z}/{x}/{y}/?mapToken=8d20deac-ddb3-4def-a704-7e70d3a5916c
4,tile539693_736815_736967,GS,https://tiles.rasterfoundry.com/tiles/3cdddd0e-bfad-40ad-89e1-8295c3d66817/{z}/{x}/{y}/?mapToken=d6703439-9466-44ff-bd71-79d83aa6509b
4,tile539694_736815_736967,GS,https://tiles.rasterfoundry.com/tiles/14592cd8-382a-4e84-baf0-1c45dde337bb/{z}/{x}/{y}/?mapToken=eb4c452b-26c4-4309-a1de-2a16f4198d30
4,tile539695_736815_736967,GS,https://tiles.rasterfoundry.com/tiles/7d30abae-7862-4b01-8d90-b2509ac51d27/{z}/{x}/{y}/?mapToken=184c0332-4ade-493a-b28b-1c4c16895831
4,tile539696_736815_736967,GS,https://tiles.rasterfoundry.com/tiles/0c5dd226-468f-4332-bfac-54f739064845/{z}/{x}/{y}/?mapToken=4e7f6f36-804a-4b09-b397-84b5e8f631af
4,tile539697_736815_736967,GS,https://tiles.rasterfoundry.com/tiles/a78d27a3-6ec3-4cc1-be01-5d6f363594a0/{z}/{x}/{y}/?mapToken=855dbed0-2863-4539-9c5d-94c594eecc90
4,tile539698_736815_736967,GS,https://tiles.rasterfoundry.com/tiles/9b188644-192f-4777-852a-1e10d87690eb/{z}/{x}/{y}/?mapToken=e7b713e5-3c78-4fd6-a2a0-d421fb350f3e
4,tile539699_736815_736967,GS,https://tiles.rasterfoundry.com/tiles/f490fc9b-8aa3-4c10-8bb9-677e2d34d415/{z}/{x}/{y}/?mapToken=7721fe89-ed62-4100-b41f-a83c99c675b7
4,tile539700_736815_736967,GS,https://tiles.rasterfoundry.com/tiles/765eab8b-2d11-4b73-8f81-28159313a066/{z}/{x}/{y}/?mapToken=3e891ac0-2d3f-4048-8c89-9f2297dc8db9
4,tile539701_736815_736967,GS,https://tiles.rasterfoundry.com/tiles/5d4be777-f45f-4b5d-9fb3-b2c49f626ff8/{z}/{x}/{y}/?mapToken=e1cffc55-16a3-4091-8262-e1b8267c75a0
4,tile539703_736815_736967,GS,https://tiles.rasterfoundry.com/tiles/6b48608d-02aa-4a6c-b0a0-9a9ec25bd964/{z}/{x}/{y}/?mapToken=ae6b66a0-415d-4e0e-92fe-e3ed419e596b
4,tile539704_736815_736967,GS,https://tiles.rasterfoundry.com/tiles/7e617c09-f556-46ac-9854-288f7d1daf73/{z}/{x}/{y}/?mapToken=c411c81f-15cf-476f-b000-91b919805f6a
5,tile539705_736815_736967,GS,https://tiles.rasterfoundry.com/tiles/e59e99e8-9867-41e6-b9b7-8e4918ded90d/{z}/{x}/{y}/?mapToken=1648d1c6-8b65-45eb-9fbb-8695e77b4358
5,tile539706_736815_736967,GS,https://tiles.rasterfoundry.com/tiles/0d3176ea-52d3-40b1-8b01-d09b0c369890/{z}/{x}/{y}/?mapToken=c8679eba-eeea-4400-8205-4e5af1e04c30
5,tile539707_736815_736967,GS,https://tiles.rasterfoundry.com/tiles/7d54641f-1331-4b15-99a7-0bfdf1cff8ba/{z}/{x}/{y}/?mapToken=18b1b44e-ffec-4b1d-982b-842863fd0609
5,tile539708_736815_736967,GS,https://tiles.rasterfoundry.com/tiles/69bfd0ae-3fd1-4a5a-8278-d2eb8aa35da3/{z}/{x}/{y}/?mapToken=80a4bdb2-83a5-4f34-bc96-491aa7bfa691
5,tile539709_736815_736967,GS,https://tiles.rasterfoundry.com/tiles/35536dd1-3e63-46de-b8c4-b8349ba3f19c/{z}/{x}/{y}/?mapToken=0de68540-67bb-4b37-b762-758b43e7b29a
5,tile539710_736815_736967,GS,https://tiles.rasterfoundry.com/tiles/a60c37f7-ab12-45ed-bf98-8c4e46d7fa6d/{z}/{x}/{y}/?mapToken=a008e462-8425-49e8-ad34-70325002a4dd
5,tile539711_736815_736967,GS,https://tiles.rasterfoundry.com/tiles/c5e79ab3-a004-4a96-917f-f9637dc8e1b2/{z}/{x}/{y}/?mapToken=16d2df4f-9cdd-4d49-80ff-71c8ab490d58
5,tile539712_736815_736967,GS,https://tiles.rasterfoundry.com/tiles/dc3e903f-44a0-48d5-9e00-b5c6a5c738b6/{z}/{x}/{y}/?mapToken=a1038a4e-68e5-403f-a9d2-e54f79070bba
5,tile539713_736815_736967,GS,https://tiles.rasterfoundry.com/tiles/ec3cf20f-c4aa-432f-af2d-2cd6d1cdb145/{z}/{x}/{y}/?mapToken=2d42049e-dbaa-4584-9590-c8ff78871191
5,tile539714_736815_736967,GS,https://tiles.rasterfoundry.com/tiles/a77d884b-f241-46f4-9fc1-e1b590a206a5/{z}/{x}/{y}/?mapToken=492eb997-66b7-4fdc-b473-40bc91976f04
5,tile539715_736815_736967,GS,https://tiles.rasterfoundry.com/tiles/8faaa576-1104-4237-af02-ae62c0379ff4/{z}/{x}/{y}/?mapToken=4d479793-cfe8-4ba1-862b-0b4736a963a7
5,tile539716_736815_736967,GS,https://tiles.rasterfoundry.com/tiles/6b1e072c-bc6b-4cd5-9884-dd9460610038/{z}/{x}/{y}/?mapToken=6f5b94ca-449d-4458-a993-b12ed6a35bb2
5,tile539717_736815_736967,GS,https://tiles.rasterfoundry.com/tiles/cf66fdb5-6f53-4719-be66-326a2f82cccb/{z}/{x}/{y}/?mapToken=d2bb9932-7412-4a2e-8c88-6df46512ad79
5,tile539718_736815_736967,GS,https://tiles.rasterfoundry.com/tiles/609c7bfa-4d4b-4079-b021-b6f613a5610c/{z}/{x}/{y}/?mapToken=d7a9917c-eb7e-4206-8e14-cf41860f6de5
5,tile539719_736815_736967,GS,https://tiles.rasterfoundry.com/tiles/a818d79c-0ce3-452d-b3e1-087817305bb1/{z}/{x}/{y}/?mapToken=f711923f-65de-4a57-8a4f-662af470d14b
5,tile539720_736815_736967,GS,https://tiles.rasterfoundry.com/tiles/ca36530d-8277-4966-8527-61d07e038eef/{z}/{x}/{y}/?mapToken=7fbdd548-b4dd-4a18-85c5-0084a3e940ef
5,tile539721_736815_736967,GS,https://tiles.rasterfoundry.com/tiles/4addc4af-e403-411e-9795-0a84f634bb30/{z}/{x}/{y}/?mapToken=5d15b682-74a3-4221-995e-0a3c32641843
5,tile539722_736815_736967,GS,https://tiles.rasterfoundry.com/tiles/6e00d1ef-cb32-4750-a582-8982ae47fc27/{z}/{x}/{y}/?mapToken=dd400cbc-a3b9-4828-b601-d261e3aed190
5,tile539723_736815_736967,GS,https://tiles.rasterfoundry.com/tiles/c4d1d748-6860-4376-be71-bca9d5710cc8/{z}/{x}/{y}/?mapToken=80ac5b17-3310-43cb-9f48-be7f6f3d38b2
5,tile539724_736815_736967,GS,https://tiles.rasterfoundry.com/tiles/5f07dea1-06d6-4d0a-b7fe-f04c107d7cee/{z}/{x}/{y}/?mapToken=8151fdad-d2f2-4e48-94a9-f9beb0495274
5,tile539725_736815_736967,GS,https://tiles.rasterfoundry.com/tiles/49de904a-6e35-46b5-bfdb-f3b9a1359a8b/{z}/{x}/{y}/?mapToken=cd34da54-9a02-48bb-bcde-e7e615088825
5,tile539726_736815_736967,GS,https://tiles.rasterfoundry.com/tiles/9691005b-5ed3-409c-88db-b6c3f59cbe27/{z}/{x}/{y}/?mapToken=c8dc5e01-21fa-4828-a465-755546aa6928
6,tile539727_736815_736967,GS,https://tiles.rasterfoundry.com/tiles/a1d6a69a-7ef4-449c-b4de-7c6c02497c18/{z}/{x}/{y}/?mapToken=4aed1143-d242-4890-a0d0-ad35c91761b1
6,tile539728_736815_736967,GS,https://tiles.rasterfoundry.com/tiles/79a5a063-af97-4d81-bfc9-c95c8354f50d/{z}/{x}/{y}/?mapToken=eb95f0b0-d22d-4c68-966a-a5574e99138d
6,tile539729_736815_736967,GS,https://tiles.rasterfoundry.com/tiles/ac78875a-2afb-4434-bbd0-56cf8da9cb41/{z}/{x}/{y}/?mapToken=ddcd12ef-af4f-407f-9e82-f57a27d8eff2
6,tile539730_736815_736967,GS,https://tiles.rasterfoundry.com/tiles/0e7894f2-77a6-436b-ac8a-8559940fd683/{z}/{x}/{y}/?mapToken=ab80387a-8371-41f9-acc1-7d05dde7ee6f
6,tile539731_736815_736967,GS,https://tiles.rasterfoundry.com/tiles/cc237c2f-7f1a-44a2-b467-c76f2655890a/{z}/{x}/{y}/?mapToken=08725c92-c890-4bb5-a4e9-af3e811017cd
6,tile539732_736815_736967,GS,https://tiles.rasterfoundry.com/tiles/626e6ef2-499e-436c-a564-7f7872ea5dd4/{z}/{x}/{y}/?mapToken=b7f82649-dab6-43d3-8dfa-2f026d7fcd64
6,tile539733_736815_736967,GS,https://tiles.rasterfoundry.com/tiles/be0473ba-2441-4d53-8260-87a1448c28bc/{z}/{x}/{y}/?mapToken=d4a9dc49-0718-450a-b184-3d6650569bd9
6,tile539734_736815_736967,GS,https://tiles.rasterfoundry.com/tiles/c492d494-055f-4f0d-b092-a2c561d1519c/{z}/{x}/{y}/?mapToken=d5955f3d-9414-4ce0-acc8-ff093283c5b8
6,tile539735_736815_736967,GS,https://tiles.rasterfoundry.com/tiles/89e84297-7403-402f-b55a-cc88d09d889d/{z}/{x}/{y}/?mapToken=e2e4cd04-8f89-4bd5-9086-4694c009cbdd
6,tile539736_736815_736967,GS,https://tiles.rasterfoundry.com/tiles/88db44b5-674b-49c2-a70e-30c01c3b354d/{z}/{x}/{y}/?mapToken=115aa5b2-65fc-4033-9a7c-80790a374d10
6,tile539737_736815_736967,GS,https://tiles.rasterfoundry.com/tiles/55d92482-cd72-4f2c-99a9-227f389d9235/{z}/{x}/{y}/?mapToken=a50bb3eb-6bc5-4bdf-a4d4-537e106a5dc8
6,tile539738_736815_736967,GS,https://tiles.rasterfoundry.com/tiles/6f1bec50-0f91-4189-bd6c-220c04562fd9/{z}/{x}/{y}/?mapToken=b2e72bd3-7f4c-4272-ab86-edba92b9b29e
6,tile539739_736815_736967,GS,https://tiles.rasterfoundry.com/tiles/eb8ccbb8-70aa-43d5-9cc4-6b9f806fb9bd/{z}/{x}/{y}/?mapToken=0f105d52-c055-4c87-81c0-3ac1e54dde56
6,tile539740_736815_736967,GS,https://tiles.rasterfoundry.com/tiles/d4d4cc67-25bc-47dc-b1ec-ac7144535dad/{z}/{x}/{y}/?mapToken=b86511d5-ea85-4152-ae1a-770fe1ec2cfc
6,tile539741_736815_736967,GS,https://tiles.rasterfoundry.com/tiles/4e2db50c-1512-46e3-a8b8-4a2b44980065/{z}/{x}/{y}/?mapToken=39928484-16c4-49ed-9371-867774b4322d
6,tile539742_736815_736967,GS,https://tiles.rasterfoundry.com/tiles/beaa9a77-6668-49a2-83b0-15f4a840df77/{z}/{x}/{y}/?mapToken=d7eb3bb3-e714-4e32-be74-a3f5246605b7
6,tile539743_736815_736967,GS,https://tiles.rasterfoundry.com/tiles/f4111afb-0d4b-4a5d-9a15-9ad482ee5f82/{z}/{x}/{y}/?mapToken=0d9bccec-948e-4cfb-98a6-6cbc39e3b580
6,tile539744_736815_736967,GS,https://tiles.rasterfoundry.com/tiles/4f7f2997-2882-463d-a798-49eb0fec08ef/{z}/{x}/{y}/?mapToken=9b48bb37-409c-46f3-928e-c840084c4e45
6,tile539745_736815_736967,GS,https://tiles.rasterfoundry.com/tiles/20aa2c32-9175-4c64-bfea-aaad3bfe7a66/{z}/{x}/{y}/?mapToken=b70ff7dd-6722-410f-a5a5-e7bb54194b74
6,tile539746_736815_736967,GS,https://tiles.rasterfoundry.com/tiles/9323d01b-b4ec-40c0-ab73-522252b3524f/{z}/{x}/{y}/?mapToken=2ed684f5-8fd9-4aff-a17d-f54246f5fe80
6,tile539747_736815_736967,GS,https://tiles.rasterfoundry.com/tiles/43c55889-805e-4ead-a645-c84ce330e3dc/{z}/{x}/{y}/?mapToken=bc55895f-9ea9-4657-a505-25e355c07347
6,tile539748_736815_736967,GS,https://tiles.rasterfoundry.com/tiles/12ec979a-7d99-47af-ad05-bab86a5a29eb/{z}/{x}/{y}/?mapToken=568606d9-c08a-45aa-8313-e4d4d1dcad98
6,tile539749_736815_736967,GS,https://tiles.rasterfoundry.com/tiles/e42a9c62-87bb-4157-bdd1-96a639269f9f/{z}/{x}/{y}/?mapToken=0643c4a4-5015-4b56-9f07-5e4d5cbff9f4
6,tile539750_736815_736967,GS,https://tiles.rasterfoundry.com/tiles/55bbefb3-d0a3-4921-8905-9dec752c67e0/{z}/{x}/{y}/?mapToken=03ac3ac0-fd00-4105-8a09-bc7d5187a4a8
6,tile539751_736815_736967,GS,https://tiles.rasterfoundry.com/tiles/efd05b7f-47b1-4e63-894c-666b0b3c43ef/{z}/{x}/{y}/?mapToken=e208b6dc-815c-4fd6-8899-ece4299fc3e0
6,tile539752_736815_736967,GS,https://tiles.rasterfoundry.com/tiles/5b7ced50-3097-4287-beb8-1f394d22d8f2/{z}/{x}/{y}/?mapToken=8ab571f8-af2c-48b5-ac5e-80acd2e62260
6,tile539753_736815_736967,GS,https://tiles.rasterfoundry.com/tiles/1f8b57d5-bf28-4e6b-bc81-5f8f3beae7ab/{z}/{x}/{y}/?mapToken=5f4ab9a6-fd50-4e88-b845-70e421458e12
7,tile539754_736815_736967,GS,https://tiles.rasterfoundry.com/tiles/ae79a7c0-6165-465e-8a6b-9329bb876919/{z}/{x}/{y}/?mapToken=abf6c620-617e-41ca-b848-66a01f92cad1
7,tile539755_736815_736967,GS,https://tiles.rasterfoundry.com/tiles/83041115-2a9b-43ed-8054-ce1ddf72028f/{z}/{x}/{y}/?mapToken=1dcfe248-6a89-4af9-86a5-f62c4317cfa0
7,tile539756_736815_736967,GS,https://tiles.rasterfoundry.com/tiles/71b955a2-ed0d-4ef5-8208-f185b5340c65/{z}/{x}/{y}/?mapToken=a4fa2181-6cd1-451e-8263-78a453fbff8a
7,tile539757_736815_736967,GS,https://tiles.rasterfoundry.com/tiles/68d707d7-99f2-40d0-b3f4-e50bfab1d71e/{z}/{x}/{y}/?mapToken=382043d7-de36-416a-a8f6-00bedd946cb5
7,tile539758_736815_736967,GS,https://tiles.rasterfoundry.com/tiles/96aff805-2dc0-4e7e-a8d9-427b64c8a6f2/{z}/{x}/{y}/?mapToken=95ccd198-c45c-4a08-81c7-e1ef54b31c4d
7,tile539759_736815_736967,GS,https://tiles.rasterfoundry.com/tiles/337765e2-e146-4371-b9be-8dc0f52c2629/{z}/{x}/{y}/?mapToken=8ab3f328-1848-433f-b512-1177bf0268eb
7,tile539760_736815_736967,GS,https://tiles.rasterfoundry.com/tiles/792fa0fd-a221-4aec-9fc8-4504e599053c/{z}/{x}/{y}/?mapToken=ebbf8284-75db-4330-9625-96728718a4b7
7,tile539761_736815_736967,GS,https://tiles.rasterfoundry.com/tiles/7149b0c8-44a8-42b4-a438-2404302a0a8c/{z}/{x}/{y}/?mapToken=6374bc1e-6c61-4444-b116-7b528e04df92
7,tile539762_736815_736967,GS,https://tiles.rasterfoundry.com/tiles/5add8d0b-38d7-462d-8da1-edae89066f34/{z}/{x}/{y}/?mapToken=e2b6cb4a-8313-4e9d-860e-7470d83b082e
7,tile539763_736815_736967,GS,https://tiles.rasterfoundry.com/tiles/4df5a0cd-e74e-4c6d-87ec-8938ba5c5a1c/{z}/{x}/{y}/?mapToken=e8920b46-5e15-463a-96ff-4ba1e81f9758
7,tile539764_736815_736967,GS,https://tiles.rasterfoundry.com/tiles/69cf4255-aaf4-43b5-ab7f-3932a1303b20/{z}/{x}/{y}/?mapToken=57efd47f-b5e4-4710-84ae-7c21c8da06ca
7,tile539765_736815_736967,GS,https://tiles.rasterfoundry.com/tiles/33ab50f8-458d-44e1-a64b-de592cbd8f58/{z}/{x}/{y}/?mapToken=d06bfa77-b6a4-48b0-92f2-3dfadcbe77ee
7,tile539766_736815_736967,GS,https://tiles.rasterfoundry.com/tiles/133e206d-2421-4d80-ad3e-6698afa2cc96/{z}/{x}/{y}/?mapToken=3233db8e-9af0-4132-b722-5022140e9e17
7,tile539767_736815_736967,GS,https://tiles.rasterfoundry.com/tiles/96b3d08d-f25d-43d2-8d46-fe90a488040d/{z}/{x}/{y}/?mapToken=d2a9d4bf-26d6-466b-ac77-f43bfe6f4a39
7,tile539768_736815_736967,GS,https://tiles.rasterfoundry.com/tiles/08fd5633-d494-4005-a091-730b01526ea5/{z}/{x}/{y}/?mapToken=cc67d888-5d85-4802-9a22-6498e2c05bd6
7,tile539769_736815_736967,GS,https://tiles.rasterfoundry.com/tiles/5a8542b2-5cc1-477c-807b-c29d4eb8e9b5/{z}/{x}/{y}/?mapToken=b0680bea-ade4-4e98-8da4-42222aa8bd2f
7,tile539770_736815_736967,GS,https://tiles.rasterfoundry.com/tiles/598a2ffb-2a61-450e-8a00-ba112cc9799f/{z}/{x}/{y}/?mapToken=c5e7da93-71a1-4feb-857e-914ed3dd5b13
7,tile539771_736815_736967,GS,https://tiles.rasterfoundry.com/tiles/37d52f80-40a1-45ee-8771-533ac9808472/{z}/{x}/{y}/?mapToken=8cdbae6a-f600-423f-97a0-0ff0e1e20283
7,tile539772_736815_736967,GS,https://tiles.rasterfoundry.com/tiles/34e346e6-970e-4281-869f-93697d2df5bf/{z}/{x}/{y}/?mapToken=f8a339eb-53e0-43d9-98d6-392a794c3d0e
7,tile539773_736815_736967,GS,https://tiles.rasterfoundry.com/tiles/14fe1e4f-5738-4be9-9b73-c1fbde101b75/{z}/{x}/{y}/?mapToken=fada663f-b76c-4112-9593-28cc9c95f411
7,tile539774_736815_736967,GS,https://tiles.rasterfoundry.com/tiles/2bac55a8-d7ef-450f-8c0a-18ce92acaffd/{z}/{x}/{y}/?mapToken=42b9555e-95e7-4d25-91e7-4dbc85a948a3
7,tile539775_736815_736967,GS,https://tiles.rasterfoundry.com/tiles/d5f38be0-f806-4ac9-b401-c69ac5c4f777/{z}/{x}/{y}/?mapToken=fb515ab3-2f97-4d98-98ae-2009dba2a095
7,tile539776_736815_736967,GS,https://tiles.rasterfoundry.com/tiles/7c332ada-b405-42c7-b707-c10125043805/{z}/{x}/{y}/?mapToken=60b5efef-b094-4148-8173-4a3f873254ac
7,tile539777_736815_736967,GS,https://tiles.rasterfoundry.com/tiles/b9b6f046-f36c-4e46-877e-7d0d0b2b6b17/{z}/{x}/{y}/?mapToken=727ebce3-1733-48f9-bcd4-0751948df9fe
7,tile539778_736815_736967,GS,https://tiles.rasterfoundry.com/tiles/1f7cd3e4-9ec1-435a-934d-dc33bd054dff/{z}/{x}/{y}/?mapToken=02e721ab-468e-4acc-9d3c-872f65c7e06f
7,tile539779_736815_736967,GS,https://tiles.rasterfoundry.com/tiles/55c62617-db83-4399-bd1d-9d69dd3e3f55/{z}/{x}/{y}/?mapToken=8c91bac7-6a55-43fa-b608-4397bd2adcd5
8,tile539780_736815_736967,GS,https://tiles.rasterfoundry.com/tiles/3142a7b5-0302-49e0-9aa1-de0adfbd2720/{z}/{x}/{y}/?mapToken=74afb43f-b724-4705-9f57-41e204a517b2
8,tile539781_736815_736967,GS,https://tiles.rasterfoundry.com/tiles/7f90f266-9b37-4205-bf80-5f1671990586/{z}/{x}/{y}/?mapToken=b95acb11-ca54-45a7-9ad2-568d53c052e6
8,tile539783_736815_736967,GS,https://tiles.rasterfoundry.com/tiles/43c070d6-619a-4a6e-8bd9-45a717024e54/{z}/{x}/{y}/?mapToken=07b39b76-9cae-42cc-9b5a-c45c85f48fc0
8,tile539784_736815_736967,GS,https://tiles.rasterfoundry.com/tiles/ee03094a-c4ef-42f4-aa83-b2801ef56437/{z}/{x}/{y}/?mapToken=8c70efe4-ef16-43da-9be6-a3ab880013a0
8,tile539785_736815_736967,GS,https://tiles.rasterfoundry.com/tiles/5412e7c2-eeb8-414c-832c-8b28a82a202a/{z}/{x}/{y}/?mapToken=da3ced33-1da6-41ad-bc7b-eb436605cbb9
8,tile539786_736815_736967,GS,https://tiles.rasterfoundry.com/tiles/0040d034-c83a-4436-aac8-272d7ded141b/{z}/{x}/{y}/?mapToken=61a5a7b5-570e-4734-bfca-cfdb260e29df
8,tile539787_736815_736967,GS,https://tiles.rasterfoundry.com/tiles/7d912d40-0118-4bde-ba35-196a05a64188/{z}/{x}/{y}/?mapToken=c4fa0d36-24b2-427e-96a4-d4bf940436c0
8,tile539788_736815_736967,GS,https://tiles.rasterfoundry.com/tiles/3e9dc646-3c94-46b3-ae54-3d2f977b2c49/{z}/{x}/{y}/?mapToken=c8fc3647-0be8-4606-9fc2-2884f3a21ca0
8,tile539789_736815_736967,GS,https://tiles.rasterfoundry.com/tiles/a386e83b-6f61-4adb-8178-ec704ab64bd9/{z}/{x}/{y}/?mapToken=a28dc885-ad53-4553-ae86-197d8a8c75be
8,tile539790_736815_736967,GS,https://tiles.rasterfoundry.com/tiles/5aa37ab9-ad62-4319-8976-c6a5c9a37620/{z}/{x}/{y}/?mapToken=23af2ce3-ed14-480e-be25-78709ea36d4a
8,tile539791_736815_736967,GS,https://tiles.rasterfoundry.com/tiles/f8e6dd0e-25db-4695-9173-d17ee48660dd/{z}/{x}/{y}/?mapToken=01de8c34-c6bb-4874-9421-d3ba8fbd9ef4
8,tile539792_736815_736967,GS,https://tiles.rasterfoundry.com/tiles/74dd8923-4be8-4e38-a4a0-49d95a9de07e/{z}/{x}/{y}/?mapToken=07211834-7064-48cf-ae7d-e0b419931421
8,tile539793_736815_736967,GS,https://tiles.rasterfoundry.com/tiles/63048e25-709b-4252-8619-f40060825bf2/{z}/{x}/{y}/?mapToken=570a7990-5915-4d68-9e78-578df8ba5cd2
8,tile539794_736815_736967,GS,https://tiles.rasterfoundry.com/tiles/2f2bf297-2fea-4ba4-8279-51aef1830b8d/{z}/{x}/{y}/?mapToken=846a8d7f-693b-4e29-94d5-919a62fe1d5c
8,tile539795_736815_736967,GS,https://tiles.rasterfoundry.com/tiles/fccb0584-929d-4fa5-b5c0-7e1fb5797a6e/{z}/{x}/{y}/?mapToken=9f281e98-6d80-481a-aeb6-d32d2837db51
8,tile539796_736815_736967,GS,https://tiles.rasterfoundry.com/tiles/4542e64c-e58d-4094-a364-caae0e27334d/{z}/{x}/{y}/?mapToken=10a2e7b2-fe90-480f-8c92-8cf0e2aa491c
8,tile539797_736815_736967,GS,https://tiles.rasterfoundry.com/tiles/aa4f5d24-9dcf-43a9-8dce-66175e112a70/{z}/{x}/{y}/?mapToken=fd27b254-dde7-45fd-b6ad-6fc71517f520
8,tile539798_736815_736967,GS,https://tiles.rasterfoundry.com/tiles/10e68974-02bc-41a6-86eb-fe8944daa748/{z}/{x}/{y}/?mapToken=f92b95e9-9859-44cf-8ff4-4af28966a35f
8,tile539799_736815_736967,GS,https://tiles.rasterfoundry.com/tiles/f5ea874a-282b-4dfd-bef0-20558faa5c9b/{z}/{x}/{y}/?mapToken=c49ded92-1b2d-47a8-ad08-94792f64ba61
8,tile539800_736815_736967,GS,https://tiles.rasterfoundry.com/tiles/a887128b-d69d-4425-818c-69c5c1ee58f6/{z}/{x}/{y}/?mapToken=c45f0b4d-96c1-44f4-bf86-ad1c96b9893f
8,tile539801_736815_736967,GS,https://tiles.rasterfoundry.com/tiles/c5af852f-5b9f-4065-8e89-c5637a6ba40c/{z}/{x}/{y}/?mapToken=630809e9-0a65-4865-a250-afe64727b13f
8,tile539802_736815_736967,GS,https://tiles.rasterfoundry.com/tiles/d202b7aa-9853-4481-ada6-61dc967aabab/{z}/{x}/{y}/?mapToken=b8175172-5db6-42f9-b13f-4e0e95dbc7f6
8,tile539803_736815_736967,GS,https://tiles.rasterfoundry.com/tiles/8b674c11-57ed-419a-848c-85b74e4cc5d4/{z}/{x}/{y}/?mapToken=329cc5b6-3fb7-4d50-adbe-e01adb52cb5e
8,tile539804_736815_736967,GS,https://tiles.rasterfoundry.com/tiles/ca3765dd-db7f-47c2-be91-7bffb10a8e2f/{z}/{x}/{y}/?mapToken=35efc70c-f860-4ea2-9c28-55c94b4b187f
8,tile539805_736815_736967,GS,https://tiles.rasterfoundry.com/tiles/fcdb0736-df2d-42b0-9301-ecc878cfd656/{z}/{x}/{y}/?mapToken=4e61c098-2b32-42da-b68f-8ac2879a43dd
8,tile539806_736815_736967,GS,https://tiles.rasterfoundry.com/tiles/6d5930b8-436b-4fad-a8be-22a7a5def4a4/{z}/{x}/{y}/?mapToken=b0a26897-d11d-4583-9e3c-d9a56963dcf6
9,tile539807_736815_736967,GS,https://tiles.rasterfoundry.com/tiles/dd23c2eb-d500-44d0-aaf9-73015d831142/{z}/{x}/{y}/?mapToken=cdf7b2d5-9759-49cd-a1bd-9cdf10fddfb8
9,tile539808_736815_736967,GS,https://tiles.rasterfoundry.com/tiles/dc99710e-7e27-4b1c-b2ca-de2a6da6cf54/{z}/{x}/{y}/?mapToken=416ef46b-ddbd-48ef-a9ad-5b52a8f7384f
9,tile539809_736815_736967,GS,https://tiles.rasterfoundry.com/tiles/fd6a24b3-9b89-4715-adbb-9208acacc432/{z}/{x}/{y}/?mapToken=6ac23d30-f235-41aa-9220-71fff0c722d6
9,tile539810_736815_736967,GS,https://tiles.rasterfoundry.com/tiles/c7245914-e3fa-4dee-9bd2-78641dbf3956/{z}/{x}/{y}/?mapToken=6d729774-1d61-40ab-a461-4a462b368036
9,tile539811_736815_736967,GS,https://tiles.rasterfoundry.com/tiles/9b3f6373-3f2d-4419-bc0f-5a06edcf05da/{z}/{x}/{y}/?mapToken=c4295ab1-3d9c-4daa-8def-42f5ff47b18d
9,tile539812_736815_736967,GS,https://tiles.rasterfoundry.com/tiles/7fd810a9-4004-4fd8-8c02-9a4460063051/{z}/{x}/{y}/?mapToken=f4818e30-6062-46b1-8457-cccfce06bdc3
9,tile539813_736815_736967,GS,https://tiles.rasterfoundry.com/tiles/32a6efff-61c6-40f0-ad60-b8fa8638f58b/{z}/{x}/{y}/?mapToken=806e3e53-0700-41ee-8d9e-9493f695e5cb
9,tile539814_736815_736967,GS,https://tiles.rasterfoundry.com/tiles/b80a8a54-5eb9-44d7-850c-3e92e6606aa0/{z}/{x}/{y}/?mapToken=1291fa9d-9c0d-424b-bd16-566e1ecb4ae3
9,tile539815_736815_736967,GS,https://tiles.rasterfoundry.com/tiles/db022657-57b6-46b1-9a97-d92edf9edd84/{z}/{x}/{y}/?mapToken=906a64f3-f833-42e0-a565-4bc104c9528b
9,tile539816_736815_736967,GS,https://tiles.rasterfoundry.com/tiles/3ef73742-042b-433c-8a6f-88f731e2c60d/{z}/{x}/{y}/?mapToken=24fb5f0d-cc21-4ca4-8380-fd225373411b
9,tile539817_736815_736967,GS,https://tiles.rasterfoundry.com/tiles/6f16780c-d9a5-425d-bc6d-281ce979ba65/{z}/{x}/{y}/?mapToken=dfd54f67-096b-4105-9087-95a7c8fc2053
9,tile539818_736815_736967,GS,https://tiles.rasterfoundry.com/tiles/8221ea47-445b-4ca4-aa68-0fe924be5206/{z}/{x}/{y}/?mapToken=cebbf3d6-be73-4ab8-92a2-b1f826340199
9,tile539819_736815_736967,GS,https://tiles.rasterfoundry.com/tiles/d47f23d9-f95e-4b7d-9ad9-4802f0f56ad3/{z}/{x}/{y}/?mapToken=9d8dea8a-82ff-4796-9656-8ffc79cbe67f
9,tile539820_736815_736967,GS,https://tiles.rasterfoundry.com/tiles/2844c51f-7f1e-4b91-93de-473aa1b350cd/{z}/{x}/{y}/?mapToken=33ddfa61-baf3-440b-ba89-61c4ca476e88
9,tile539821_736815_736967,GS,https://tiles.rasterfoundry.com/tiles/3ae7a4d6-9e24-4c67-8a8f-00fdffada087/{z}/{x}/{y}/?mapToken=14398809-89c9-4a5e-b8f7-ad7ed2756c6b
9,tile539822_736815_736967,GS,https://tiles.rasterfoundry.com/tiles/efdcc5b3-3edb-4a5c-9bb3-75c66843d838/{z}/{x}/{y}/?mapToken=8bdcefc9-8aec-47dc-afc2-8594ae3841d7
9,tile539823_736815_736967,GS,https://tiles.rasterfoundry.com/tiles/e03fea9d-7aa3-4a48-b13d-c3666bef4611/{z}/{x}/{y}/?mapToken=87e4ff4d-6054-42eb-b90f-80dadaca455a
9,tile539824_736815_736967,GS,https://tiles.rasterfoundry.com/tiles/296c1b26-b37e-495f-b737-785f553a961c/{z}/{x}/{y}/?mapToken=a89de74d-769e-488f-ad99-9b75112b649c
9,tile539825_736815_736967,GS,https://tiles.rasterfoundry.com/tiles/1e5fc3f4-cc97-4872-9e8e-06493c1ce588/{z}/{x}/{y}/?mapToken=e74b31aa-fe46-4f0e-b836-e801c1c5ff02
9,tile539826_736815_736967,GS,https://tiles.rasterfoundry.com/tiles/a61b004a-949a-45cf-928e-9e8d20ad02b1/{z}/{x}/{y}/?mapToken=613e3e1a-4fb4-4e02-9ab9-7770e142f12a
9,tile539827_736815_736967,GS,https://tiles.rasterfoundry.com/tiles/d55d8321-d49d-4445-add3-6f9886dcb3ad/{z}/{x}/{y}/?mapToken=cabf3649-7cb9-42a1-962b-6c7b15edb2e9
9,tile539828_736815_736967,GS,https://tiles.rasterfoundry.com/tiles/e6dc77c0-3e3b-4515-923a-287fa29b90a7/{z}/{x}/{y}/?mapToken=b1dcce83-1aca-49b0-962a-b8b46d1f5d6d
9,tile539829_736815_736967,GS,https://tiles.rasterfoundry.com/tiles/00acd63a-6f98-4551-a39f-48146087d068/{z}/{x}/{y}/?mapToken=fd0fa480-4b13-4f8f-8238-a3861985ce66
9,tile539830_736815_736967,GS,https://tiles.rasterfoundry.com/tiles/ea9882ee-54eb-43c7-a619-21a078ad8f2b/{z}/{x}/{y}/?mapToken=1e7e5f16-6074-4599-b589-58cc1a5baf9f
9,tile539831_736815_736967,GS,https://tiles.rasterfoundry.com/tiles/5fa80227-a0de-4b41-8928-69b77429db25/{z}/{x}/{y}/?mapToken=27970b56-ac10-4149-a35c-2aa37f1fe2d3
9,tile539832_736815_736967,GS,https://tiles.rasterfoundry.com/tiles/340b5518-6c39-4bd3-af12-8bc5d408cc1b/{z}/{x}/{y}/?mapToken=4aaaf155-8621-404f-8d79-d9244fe10f24
10,tile539835_736815_736967,GS,https://tiles.rasterfoundry.com/tiles/54f774ce-b9d8-47c0-a868-0aeba4c8dc5a/{z}/{x}/{y}/?mapToken=44d69a2d-6c53-4cc0-9407-1605c033d925
10,tile539836_736815_736967,GS,https://tiles.rasterfoundry.com/tiles/d95263e2-3272-4346-b6a8-21cb6a83166c/{z}/{x}/{y}/?mapToken=3e705b8a-0ea4-40a2-b837-3e5bf6e9a1c7
10,tile539837_736815_736967,GS,https://tiles.rasterfoundry.com/tiles/5bd7007b-4c7d-483b-98b3-895c2f4895b2/{z}/{x}/{y}/?mapToken=cd20e88c-9583-4646-9edd-681ea0bedd86
10,tile539838_736815_736967,GS,https://tiles.rasterfoundry.com/tiles/d1d0b2c2-b9e7-4545-b5c9-1eaf06de39cd/{z}/{x}/{y}/?mapToken=99c8e7b1-0aba-4c3f-9779-51d664c45fe2
10,tile539839_736815_736967,GS,https://tiles.rasterfoundry.com/tiles/481b94e4-fb05-4e59-8359-c04375a81ab1/{z}/{x}/{y}/?mapToken=16048096-4f6e-4baf-8f10-f497d4ab5ffd
10,tile539840_736815_736967,GS,https://tiles.rasterfoundry.com/tiles/94667360-f923-4c5e-8db4-7a167db9d4d6/{z}/{x}/{y}/?mapToken=205fbfaf-04d3-4c86-9ac9-dc243c474582
10,tile539841_736815_736967,GS,https://tiles.rasterfoundry.com/tiles/0a63ec67-ba77-4781-bba7-5d99bbea526f/{z}/{x}/{y}/?mapToken=f7ca4057-676d-42f7-b21a-989b6e7cfad0
10,tile539842_736815_736967,GS,https://tiles.rasterfoundry.com/tiles/5cc81a1e-ae4c-4dca-a3f6-ecce1fb3994a/{z}/{x}/{y}/?mapToken=2a3f778f-d998-4422-a160-f93eadf36d91
10,tile539843_736815_736967,GS,https://tiles.rasterfoundry.com/tiles/3d9cc230-ecb1-40c5-a2fb-d1566d057b86/{z}/{x}/{y}/?mapToken=4c8406de-abf5-41c4-9c82-6b2aae1d20a0
10,tile539844_736815_736967,GS,https://tiles.rasterfoundry.com/tiles/fe05475d-7dbc-4006-88c6-0cc15a9112c0/{z}/{x}/{y}/?mapToken=a492a16b-a5f7-4bab-92f2-d54f53491f3a
10,tile539845_736815_736967,GS,https://tiles.rasterfoundry.com/tiles/befcf21d-54b9-46ed-aedd-930f96ea5553/{z}/{x}/{y}/?mapToken=ec2aa959-9d5f-4ea8-a396-bd1476e8ff61
10,tile539846_736815_736967,GS,https://tiles.rasterfoundry.com/tiles/343b0f06-222c-473a-86be-85387066bd77/{z}/{x}/{y}/?mapToken=21fe2a2b-144f-43a0-83e9-db49b65c715a
10,tile539847_736815_736967,GS,https://tiles.rasterfoundry.com/tiles/15872501-e644-46ca-b72d-0f91f6cba8d3/{z}/{x}/{y}/?mapToken=489b2676-f54d-4264-9a73-87df0fb14c96
10,tile539848_736815_736967,GS,https://tiles.rasterfoundry.com/tiles/f500202f-f895-49eb-aec4-0cbf258245eb/{z}/{x}/{y}/?mapToken=eda2a307-ffc0-4bc1-9582-82e3cba0637e
10,tile539849_736815_736967,GS,https://tiles.rasterfoundry.com/tiles/914a0a8d-6c2d-4469-94dd-1870f9a5c66e/{z}/{x}/{y}/?mapToken=b2153d4f-2c2a-42a3-b114-7851f365aace
10,tile539850_736815_736967,GS,https://tiles.rasterfoundry.com/tiles/041def62-2db3-41c4-a4f3-c27fe4cf7213/{z}/{x}/{y}/?mapToken=3f798723-f05d-4e25-ad1f-b658dc195c71
10,tile539852_736815_736967,GS,https://tiles.rasterfoundry.com/tiles/f31c547c-62f0-48cb-9654-22b08b47f0e0/{z}/{x}/{y}/?mapToken=97e861d7-2472-4421-9c94-9f308d8f7df1
10,tile539855_736815_736967,GS,https://tiles.rasterfoundry.com/tiles/3efa2fdd-9849-429c-b304-86231fd4ae7a/{z}/{x}/{y}/?mapToken=0797b983-0f55-4254-a94e-1e40da6344f3
10,tile539856_736815_736967,GS,https://tiles.rasterfoundry.com/tiles/2ed248fc-4b99-43cc-b40c-2797766b49f2/{z}/{x}/{y}/?mapToken=3d166cb5-3723-4ffd-9fe6-c2e44239bfc3
10,tile539857_736815_736967,GS,https://tiles.rasterfoundry.com/tiles/e2baaf13-aa34-481a-9333-c0e91bee3344/{z}/{x}/{y}/?mapToken=328ab471-d342-46ce-a730-cf2fa86d3024
10,tile539858_736815_736967,GS,https://tiles.rasterfoundry.com/tiles/a94e5303-b729-45e8-bee8-9f3d142d1152/{z}/{x}/{y}/?mapToken=a5d99384-99cd-4d59-a69c-3351949b266b
10,tile539859_736815_736967,GS,https://tiles.rasterfoundry.com/tiles/1f1a087b-711c-4b39-b2c8-9a4173af1b25/{z}/{x}/{y}/?mapToken=9a18aa2c-ccaa-476f-9c2a-08501d72fdec
10,tile539860_736815_736967,GS,https://tiles.rasterfoundry.com/tiles/1f88779e-51f5-46c6-a177-ab3a0398b80a/{z}/{x}/{y}/?mapToken=c9df00ed-bca5-4e31-a3e1-4f1d1fd17cf4
10,tile539861_736815_736967,GS,https://tiles.rasterfoundry.com/tiles/ab206480-d41f-4741-8694-916ff45fb3c2/{z}/{x}/{y}/?mapToken=d33004b8-70dd-4689-8f3f-0ad03b357395
10,tile539862_736815_736967,GS,https://tiles.rasterfoundry.com/tiles/53dccc73-c839-4c95-adfd-c7285644750d/{z}/{x}/{y}/?mapToken=9232f339-4566-4876-8c3d-b3dabab71d01
10,tile539863_736815_736967,GS,https://tiles.rasterfoundry.com/tiles/b5382d37-bde4-477b-a4c6-daf4af3490bf/{z}/{x}/{y}/?mapToken=10976eab-6625-471b-88e0-7bc664b8d512
11,tile539864_736815_736967,GS,https://tiles.rasterfoundry.com/tiles/333c2485-cb99-4cb4-af8b-5e6b78e8dd58/{z}/{x}/{y}/?mapToken=cf483977-4fcd-4d4e-887f-005b33786ae0
11,tile539865_736815_736967,GS,https://tiles.rasterfoundry.com/tiles/1e178e31-f1ec-4a71-b16e-876a7a382f6a/{z}/{x}/{y}/?mapToken=816a513c-075a-4009-9872-cfe07186afca
11,tile539866_736815_736967,GS,https://tiles.rasterfoundry.com/tiles/5cc41466-4cfc-47df-a60a-9fd363ae5d3e/{z}/{x}/{y}/?mapToken=58fca0c1-aa34-41f2-a63f-0f875fdf79ed
11,tile539867_736815_736967,GS,https://tiles.rasterfoundry.com/tiles/642fd24d-c9b2-41ff-8105-d8774956b2c2/{z}/{x}/{y}/?mapToken=1eccdcf1-e008-417f-ab30-436af9bc6a3e
11,tile539868_736815_736967,GS,https://tiles.rasterfoundry.com/tiles/06683fa5-6727-4eac-b603-4a92a2546d79/{z}/{x}/{y}/?mapToken=979251f8-cfe3-4741-a404-372683fdfc63
11,tile539869_736815_736967,GS,https://tiles.rasterfoundry.com/tiles/b959b14c-d0c7-48fa-a11a-2eb2a5d1b13f/{z}/{x}/{y}/?mapToken=eab89d29-f5b1-4898-991c-62b1a0eb001a
11,tile539870_736815_736967,GS,https://tiles.rasterfoundry.com/tiles/3051998c-6732-4393-96e6-cf39f4df0159/{z}/{x}/{y}/?mapToken=559d14cd-4c6e-4734-b288-5b0d313d9b65
11,tile539871_736815_736967,GS,https://tiles.rasterfoundry.com/tiles/707777e0-ba26-43a3-82a2-fb0709ce1fb2/{z}/{x}/{y}/?mapToken=22dbdb74-d306-45e3-b8da-c486c591adf2
11,tile539872_736815_736967,GS,https://tiles.rasterfoundry.com/tiles/a99fd44b-acf5-4b8f-b996-df8b181ee0ff/{z}/{x}/{y}/?mapToken=892d8c85-568a-48e2-b88a-d0903c5339d8
11,tile539873_736815_736967,GS,https://tiles.rasterfoundry.com/tiles/c2ec7ce0-e202-4263-afca-82a721bd538d/{z}/{x}/{y}/?mapToken=8144f03d-50c3-4683-b485-d3ea5343c42f
11,tile539874_736815_736967,GS,https://tiles.rasterfoundry.com/tiles/3f27d03b-a475-4cb4-874a-0812da8e49f0/{z}/{x}/{y}/?mapToken=21cbd466-5036-4a02-8fad-17fa03d4216f
11,tile539875_736815_736967,GS,https://tiles.rasterfoundry.com/tiles/9bae284a-d2d5-49c4-bf47-51907768ff98/{z}/{x}/{y}/?mapToken=8b1aa674-0965-425e-aff0-14e2ce33c214
11,tile539876_736815_736967,GS,https://tiles.rasterfoundry.com/tiles/9c4adf22-44b3-4336-bcfd-1579fbb518b7/{z}/{x}/{y}/?mapToken=edc27413-25ee-440c-b323-64a134ee04ba
11,tile539877_736815_736967,GS,https://tiles.rasterfoundry.com/tiles/73503299-25fe-4713-90f9-1acd8ab10b8e/{z}/{x}/{y}/?mapToken=1b338c08-55f9-482a-901e-53d8f3cefb0d
11,tile539878_736815_736967,GS,https://tiles.rasterfoundry.com/tiles/8ed8674a-78c0-4ab5-aa84-00d9a2c07c19/{z}/{x}/{y}/?mapToken=b734a72a-e48c-4aa1-af44-b6dff2b0480b
11,tile539879_736815_736967,GS,https://tiles.rasterfoundry.com/tiles/40b89bf9-d4ee-4f73-808b-1adb387196eb/{z}/{x}/{y}/?mapToken=55350710-2d7e-4bac-974d-ba433099ca07
11,tile539880_736815_736967,GS,https://tiles.rasterfoundry.com/tiles/54c4835e-986d-4fee-9a51-06d6f5178cf7/{z}/{x}/{y}/?mapToken=a14d3eec-5431-4b4d-9a3f-aa5932505b2c
11,tile539881_736815_736967,GS,https://tiles.rasterfoundry.com/tiles/cd513f3d-5aac-4269-b5da-aee8ea20824d/{z}/{x}/{y}/?mapToken=886dff42-2156-4991-8899-126892495768
11,tile539882_736815_736967,GS,https://tiles.rasterfoundry.com/tiles/ebd2b596-1636-4ae8-89ca-a5a7c970db89/{z}/{x}/{y}/?mapToken=5d5bd251-9fc0-439b-b317-00e87842378e
11,tile539883_736815_736967,GS,https://tiles.rasterfoundry.com/tiles/d82cfa47-962b-49c2-9f76-6adaa25dc056/{z}/{x}/{y}/?mapToken=34ad1f14-b771-4f3a-b875-23e9d4be322e
11,tile539884_736815_736967,GS,https://tiles.rasterfoundry.com/tiles/2f0f9213-93e0-41bc-b12c-b0145d828a58/{z}/{x}/{y}/?mapToken=5380ded3-edc8-41e2-b49c-196904ccf995
11,tile539885_736815_736967,GS,https://tiles.rasterfoundry.com/tiles/8a171d00-8a8c-499d-8f18-75646f356d74/{z}/{x}/{y}/?mapToken=df29d4dd-62bd-44cc-bb28-a3647daa6e4b
12,tile539886_736815_736967,GS,https://tiles.rasterfoundry.com/tiles/e058f9cf-5300-488e-8e9b-81dcb38347ba/{z}/{x}/{y}/?mapToken=d2f05ed7-883f-4977-b310-fff1b8141f9a
12,tile539887_736815_736967,GS,https://tiles.rasterfoundry.com/tiles/8b458389-a34a-40c5-91ae-1da691d12f9e/{z}/{x}/{y}/?mapToken=dc3a6db5-dded-4f13-8feb-650d9766baf4
12,tile539888_736815_736967,GS,https://tiles.rasterfoundry.com/tiles/c28878d3-3aba-4f5a-825b-fefd1e0b00b6/{z}/{x}/{y}/?mapToken=30db21fe-43cf-4f81-9dd2-201d1fb0e00a
12,tile539889_736815_736967,GS,https://tiles.rasterfoundry.com/tiles/cc657933-e54c-4390-bc23-acf783a5fbbc/{z}/{x}/{y}/?mapToken=a2ac1b63-ef5b-4b2b-8f8b-2d1ac17b145e
12,tile539890_736815_736967,GS,https://tiles.rasterfoundry.com/tiles/615e89ba-156b-4b6b-ab4b-e4ab11beca62/{z}/{x}/{y}/?mapToken=92c0fec2-9973-4c2c-a774-6644b07c82a8
12,tile539891_736815_736967,GS,https://tiles.rasterfoundry.com/tiles/d515bf14-9f7b-49ba-9f7b-489fd409e173/{z}/{x}/{y}/?mapToken=e999b724-7e90-48ae-a355-84978769a1f7
12,tile539892_736815_736967,GS,https://tiles.rasterfoundry.com/tiles/a04304e5-9340-4249-ad5f-3cea35e8f138/{z}/{x}/{y}/?mapToken=afba9ba9-e5e6-4efd-8fe2-3f0c6a2e07f5
12,tile539893_736815_736967,GS,https://tiles.rasterfoundry.com/tiles/08bb3eef-833e-46c1-9549-0253bd319284/{z}/{x}/{y}/?mapToken=1ae6e984-c1e0-48f8-a5c2-b042b38131eb
12,tile539894_736815_736967,GS,https://tiles.rasterfoundry.com/tiles/a866f08e-96f1-49d3-83a0-52977bc7659a/{z}/{x}/{y}/?mapToken=fd781735-98e3-4526-89e7-7d582530b421
12,tile539895_736815_736967,GS,https://tiles.rasterfoundry.com/tiles/ceb662ac-e55f-41c8-adfb-072ce34c5b70/{z}/{x}/{y}/?mapToken=fd563284-fc70-4a66-b250-0c6b99e18297
12,tile539896_736815_736967,GS,https://tiles.rasterfoundry.com/tiles/41fd36c5-a3e5-420a-a347-d950fcc84be3/{z}/{x}/{y}/?mapToken=9d5a7b17-ddd3-4d7f-90ae-8bfd38738693
12,tile539897_736815_736967,GS,https://tiles.rasterfoundry.com/tiles/c5d25047-1931-4e45-8f2d-d0e7c3aa8bde/{z}/{x}/{y}/?mapToken=d24cbdf2-4965-4b29-9a69-fd97c0f02b6a
12,tile539898_736815_736967,GS,https://tiles.rasterfoundry.com/tiles/5fa1e2f0-ce7f-4900-b956-fb69733ded0a/{z}/{x}/{y}/?mapToken=9b534c63-05c5-4141-8b13-f1b379896022
12,tile539899_736815_736967,GS,https://tiles.rasterfoundry.com/tiles/7ab0dc7f-aad1-42bd-b251-cd7d701eae2b/{z}/{x}/{y}/?mapToken=80fac761-3e39-4706-987d-a377bda3f243
12,tile539900_736815_736967,GS,https://tiles.rasterfoundry.com/tiles/b98ed4bf-eb05-4a85-8886-1ed49146d4d7/{z}/{x}/{y}/?mapToken=a77d1f51-e4fc-403b-bb6a-d087f123a07d
12,tile539901_736815_736967,GS,https://tiles.rasterfoundry.com/tiles/b6dd74a7-355d-4bf4-89b3-8fd1e94e9c15/{z}/{x}/{y}/?mapToken=79a0a154-c8ff-4e67-b96d-5e41e5ecbc65
12,tile539902_736815_736967,GS,https://tiles.rasterfoundry.com/tiles/9d6cd16d-2e33-4a84-9bd5-b1684928723f/{z}/{x}/{y}/?mapToken=f629fc24-8dd2-41cb-be05-be26b7f89ad0
12,tile539903_736815_736967,GS,https://tiles.rasterfoundry.com/tiles/6931f2e7-3ae1-4648-8ae2-1120788e7ce7/{z}/{x}/{y}/?mapToken=0951b15c-5e06-4c86-b5eb-201c69f9d0fe
12,tile539904_736815_736967,GS,https://tiles.rasterfoundry.com/tiles/e0875f7e-185e-475b-95c2-4cb860784fa5/{z}/{x}/{y}/?mapToken=a117451c-8e9e-4d7e-9ab3-de300816ed16
12,tile539905_736815_736967,GS,https://tiles.rasterfoundry.com/tiles/e0e45c23-2d82-4302-ab0e-1ae59a8ec27f/{z}/{x}/{y}/?mapToken=63fd0046-f3e3-4471-ba3c-b0f4114bf8d7
12,tile539906_736815_736967,GS,https://tiles.rasterfoundry.com/tiles/50f86c5a-8619-4a35-a33e-d14977934ad3/{z}/{x}/{y}/?mapToken=c19ae505-da12-4d26-8a73-67071cf4b84a
12,tile539907_736815_736967,GS,https://tiles.rasterfoundry.com/tiles/682203de-8c66-413a-ac76-0d0afbd0d85d/{z}/{x}/{y}/?mapToken=95ab3653-ba8a-4382-8f3b-df1572399aa4
12,tile539908_736815_736967,GS,https://tiles.rasterfoundry.com/tiles/d8d2662e-aaa4-4fc0-ac05-36870c37fe26/{z}/{x}/{y}/?mapToken=58883d12-704b-4f98-877b-457ea9b64b4c
12,tile539909_736815_736967,GS,https://tiles.rasterfoundry.com/tiles/69ea7d2b-e83b-4a12-8173-a76e4cdac435/{z}/{x}/{y}/?mapToken=0cfdb7d4-b39d-449e-8283-144fba836538
13,tile539910_736815_736967,GS,https://tiles.rasterfoundry.com/tiles/08bba623-dd96-42aa-a492-330aa6019919/{z}/{x}/{y}/?mapToken=288832ac-a51e-4cce-a7bc-365a023a48c8
13,tile539911_736815_736967,GS,https://tiles.rasterfoundry.com/tiles/9422dc5a-74fd-46de-b4b5-e1f3583241c5/{z}/{x}/{y}/?mapToken=42c11f9b-6871-4832-9b26-409d9a33390f
13,tile539912_736815_736967,GS,https://tiles.rasterfoundry.com/tiles/0cf41d10-cd8c-4f0a-b45e-5c8a17cced12/{z}/{x}/{y}/?mapToken=9dca9ac4-b2ba-4823-9c8c-ce855650b137
13,tile539913_736815_736967,GS,https://tiles.rasterfoundry.com/tiles/8bd9b908-dbee-400a-9686-da8a690167b2/{z}/{x}/{y}/?mapToken=73218887-d476-4b4b-955a-8343103a7020
13,tile539915_736815_736967,GS,https://tiles.rasterfoundry.com/tiles/16a9b874-d0a1-4cc2-943d-270a9c65dd4e/{z}/{x}/{y}/?mapToken=1d7a60a7-b620-485b-9eb2-2eaf124ae82e
13,tile539916_736815_736967,GS,https://tiles.rasterfoundry.com/tiles/15cf5f91-51c1-4123-b1c4-4cd07528234d/{z}/{x}/{y}/?mapToken=02170b1b-c588-4649-a439-8df9d3e8e76e
13,tile539917_736815_736967,GS,https://tiles.rasterfoundry.com/tiles/c4417ce7-6e9e-4b0d-ab65-c1b83c04cc2d/{z}/{x}/{y}/?mapToken=89bd2c02-b83f-4788-b643-75b0a0c4841e
13,tile539918_736815_736967,GS,https://tiles.rasterfoundry.com/tiles/5031279a-f20f-4e3d-bc44-20d2dc31da85/{z}/{x}/{y}/?mapToken=87ab6a77-b435-4679-b5fd-093f8edf8cbe
13,tile539919_736815_736967,GS,https://tiles.rasterfoundry.com/tiles/3f01404b-3412-40b3-99ba-3cb4ace7899e/{z}/{x}/{y}/?mapToken=c4055857-1c89-45f0-ae05-5a07775bbd2f
13,tile539920_736815_736967,GS,https://tiles.rasterfoundry.com/tiles/e23e4ac3-f394-4b4e-b03e-9b3d5a1d1a4f/{z}/{x}/{y}/?mapToken=7bafdb39-feaf-44ec-973a-a5f6c4081078
13,tile539921_736815_736967,GS,https://tiles.rasterfoundry.com/tiles/df5f40c0-e5be-4171-bb7d-b08558d84c8f/{z}/{x}/{y}/?mapToken=0d25a19f-c214-4aa5-97d7-5731675de213
13,tile539922_736815_736967,GS,https://tiles.rasterfoundry.com/tiles/be0d8cbd-b9b8-49f6-98dc-71b382dec04c/{z}/{x}/{y}/?mapToken=f42b6215-5098-4951-81cf-84c0350137e8
13,tile539923_736815_736967,GS,https://tiles.rasterfoundry.com/tiles/3f0ab753-9e0b-4257-a7d1-4d85be75a18e/{z}/{x}/{y}/?mapToken=8201df23-5a13-48a1-80f5-a48894bf2567
13,tile539924_736815_736967,GS,https://tiles.rasterfoundry.com/tiles/f9791976-da28-4dc8-8f99-6b2aad092227/{z}/{x}/{y}/?mapToken=1459ecec-6d21-410e-b2a0-f91f09fad566
13,tile539925_736815_736967,GS,https://tiles.rasterfoundry.com/tiles/5e52ce26-f9ec-4eba-afed-bc5af0e641a2/{z}/{x}/{y}/?mapToken=4bffee65-7313-46d8-aefa-cf04aaad30b7
13,tile539926_736815_736967,GS,https://tiles.rasterfoundry.com/tiles/2bf2a494-5daf-4de7-9196-518a4d286b35/{z}/{x}/{y}/?mapToken=7e06bc50-57b4-4ed8-9798-1c9cf8f0db92
13,tile539927_736815_736967,GS,https://tiles.rasterfoundry.com/tiles/e36a75e8-0fe4-4d70-a82a-a43779810bc3/{z}/{x}/{y}/?mapToken=306e140d-4f14-4e3c-8227-d5c1dfd9147f
13,tile539928_736815_736967,GS,https://tiles.rasterfoundry.com/tiles/3452f2c0-c9d6-4edd-a549-0f4aa15a8c9e/{z}/{x}/{y}/?mapToken=bbd9453c-0ac8-4b17-94e4-ff28a1666d60
13,tile539929_736815_736967,GS,https://tiles.rasterfoundry.com/tiles/e4617429-f316-407a-9818-d593cbf40456/{z}/{x}/{y}/?mapToken=d0808f7e-7c85-47dd-bbae-4be286131bfa
13,tile539930_736815_736967,GS,https://tiles.rasterfoundry.com/tiles/d3427f4d-8896-41d8-9987-87ff6ff51772/{z}/{x}/{y}/?mapToken=508f08f1-ee16-47eb-8fbf-f312a4f36dcb
13,tile539931_736815_736967,GS,https://tiles.rasterfoundry.com/tiles/f9b849d0-463a-415f-bafe-5071adc5cefd/{z}/{x}/{y}/?mapToken=f785e108-be7b-40d1-b0ff-c48e49b10e39
14,tile539932_736815_736967,GS,https://tiles.rasterfoundry.com/tiles/a35f4d90-703c-4ec9-b8bc-20aeea86f504/{z}/{x}/{y}/?mapToken=2c6ce142-fd4e-44e0-a60b-15843fb94158
14,tile539933_736815_736967,GS,https://tiles.rasterfoundry.com/tiles/b89f1de2-804c-4168-88b1-f9ab1129a7c3/{z}/{x}/{y}/?mapToken=57348372-1f16-4bbf-8a6e-19729dacbb8c
14,tile539934_736815_736967,GS,https://tiles.rasterfoundry.com/tiles/fbfe2e88-3394-46d1-a7c1-0a1ab4574874/{z}/{x}/{y}/?mapToken=a3a2af23-f34c-4c77-b53d-01fdc39395a7
14,tile539935_736815_736967,GS,https://tiles.rasterfoundry.com/tiles/638142ca-9414-499f-939b-3976400fc794/{z}/{x}/{y}/?mapToken=e17b1732-a5eb-471e-a0c1-7b05ddc63dbe
14,tile539936_736815_736967,GS,https://tiles.rasterfoundry.com/tiles/54caee81-36b6-4f44-89cf-7454b0e148cf/{z}/{x}/{y}/?mapToken=c4c1d56b-d6d6-4cee-bbe3-09df6ec956fa
14,tile539937_736815_736967,GS,https://tiles.rasterfoundry.com/tiles/8adfd32e-839a-439e-b030-f492a735eb3a/{z}/{x}/{y}/?mapToken=78e89d62-6ee1-4099-8bb4-444c9b8c697a
14,tile539938_736815_736967,GS,https://tiles.rasterfoundry.com/tiles/136fd256-809e-48ae-82e4-b21ab1deef4c/{z}/{x}/{y}/?mapToken=51203c04-77d4-4357-a96b-0ad2b4826088
14,tile539939_736815_736967,GS,https://tiles.rasterfoundry.com/tiles/c1f0463c-ab0a-48d1-93ab-7279dc0ea058/{z}/{x}/{y}/?mapToken=9d0df4cf-a9ea-4e20-b6d6-e3286d864108
14,tile539940_736815_736967,GS,https://tiles.rasterfoundry.com/tiles/c6efd389-91e6-41fb-8b90-b23037cb3994/{z}/{x}/{y}/?mapToken=53ff3f86-ba83-467a-bed6-9c00f8531c97
14,tile539941_736815_736967,GS,https://tiles.rasterfoundry.com/tiles/b5c2457c-ddcf-404d-ba9a-173c1dae6305/{z}/{x}/{y}/?mapToken=a257b590-3f44-4b23-bde4-42846727ef8f
14,tile539942_736815_736967,GS,https://tiles.rasterfoundry.com/tiles/206fa194-0b52-40fb-9b36-c2d09a586c2c/{z}/{x}/{y}/?mapToken=6c7846e3-1bb8-48cb-8444-9d9bff4e3c8c
14,tile539943_736815_736967,GS,https://tiles.rasterfoundry.com/tiles/078fe64f-ac82-4099-9b14-6e688bd4f7c7/{z}/{x}/{y}/?mapToken=d9e35946-44ff-4269-a99e-b7e1c901d40b
14,tile539945_736815_736967,GS,https://tiles.rasterfoundry.com/tiles/9199cf0b-dcec-49a3-ac91-019b88c80c52/{z}/{x}/{y}/?mapToken=1660cb65-1996-4946-a154-3185ff339b9f
14,tile539946_736815_736967,GS,https://tiles.rasterfoundry.com/tiles/ae07e69f-b47d-4793-ab37-0a3a04eb5e79/{z}/{x}/{y}/?mapToken=ac2da183-5c18-474e-9491-6af14a9ad3c1
14,tile539947_736815_736967,GS,https://tiles.rasterfoundry.com/tiles/264d95b3-9fbe-43ae-8e30-5c30b3e0784a/{z}/{x}/{y}/?mapToken=cba710f4-a0ae-4718-9fb9-55d9d8738968
14,tile539948_736815_736967,GS,https://tiles.rasterfoundry.com/tiles/4df02687-42ca-4c38-8604-c6f8c36aa876/{z}/{x}/{y}/?mapToken=c06686cb-a5bc-4cfc-a1cc-edd9e89b3c4f
14,tile539949_736815_736967,GS,https://tiles.rasterfoundry.com/tiles/396fd0a8-8726-4990-9bbc-bf2bcbf83778/{z}/{x}/{y}/?mapToken=6bcfb47b-52c9-435b-87fe-6490e7dc9bb4
14,tile539950_736815_736967,GS,https://tiles.rasterfoundry.com/tiles/196c1d81-c789-452d-b5af-86366b635c42/{z}/{x}/{y}/?mapToken=c5d47922-3c37-4345-9b9d-8bb5b6b12e49
14,tile539951_736815_736967,GS,https://tiles.rasterfoundry.com/tiles/e288fce8-e1bf-4536-88ea-df794f58c5ce/{z}/{x}/{y}/?mapToken=d34e762d-7a3e-472f-b528-cba7b549e74b
14,tile539952_736815_736967,GS,https://tiles.rasterfoundry.com/tiles/3bde0cd3-8b06-4070-8af7-7674af463ea3/{z}/{x}/{y}/?mapToken=0e5868a4-3af6-4a4e-9646-70ff0d015140
14,tile539953_736815_736967,GS,https://tiles.rasterfoundry.com/tiles/8608439f-dcdc-40e3-b4bf-b3bddf754c94/{z}/{x}/{y}/?mapToken=3d02f9e4-ef64-4138-9349-90f8f14421ef
14,tile539954_736815_736967,GS,https://tiles.rasterfoundry.com/tiles/82f4e3e7-c87b-4087-a8dc-667cfc8fa836/{z}/{x}/{y}/?mapToken=a99c7b33-1ffd-4e59-a657-72b898436cde
15,tile539955_736815_736967,GS,https://tiles.rasterfoundry.com/tiles/689e7e7b-a9de-43cc-bfc4-bdee445293ca/{z}/{x}/{y}/?mapToken=dc5b0f7a-1647-4459-85d5-f2fcd133b7e3
15,tile539956_736815_736967,GS,https://tiles.rasterfoundry.com/tiles/fe60627f-be5d-4ce4-b9b0-531b24458c9f/{z}/{x}/{y}/?mapToken=ba80af65-0862-4dfa-90fb-747bf31f7f0e
15,tile539957_736815_736967,GS,https://tiles.rasterfoundry.com/tiles/32d39abb-a9bc-4737-9177-20c4bec18f70/{z}/{x}/{y}/?mapToken=51b46099-8cc7-4691-b1c8-47b1ac3b3246
15,tile539958_736815_736967,GS,https://tiles.rasterfoundry.com/tiles/8fa49ac5-46ed-46dd-bdf9-0be83c386785/{z}/{x}/{y}/?mapToken=ec607734-3a40-41d7-8494-db19b8c9ff61
15,tile539959_736815_736967,GS,https://tiles.rasterfoundry.com/tiles/9c9d3902-0fd2-4ae1-a61a-5d471063b1de/{z}/{x}/{y}/?mapToken=66b4e93c-ada3-4157-8b8f-5dfad6ba2fba
15,tile539960_736815_736967,GS,https://tiles.rasterfoundry.com/tiles/56b56ff1-3394-438f-8b7a-96f313a4fd17/{z}/{x}/{y}/?mapToken=85a3f0ce-aac1-4e18-92c4-4508d8e9c7d6
15,tile539961_736815_736967,GS,https://tiles.rasterfoundry.com/tiles/7df7f009-3256-45c6-b447-f6aff5c1db7c/{z}/{x}/{y}/?mapToken=dea35886-d3b7-494e-8580-96b744c432e9
15,tile539962_736815_736967,GS,https://tiles.rasterfoundry.com/tiles/b3e3d98d-f308-4f6b-94ff-fc5d3c03b8bc/{z}/{x}/{y}/?mapToken=7134d0ce-09a9-4df7-8983-11808ff7a2bf
15,tile539963_736815_736967,GS,https://tiles.rasterfoundry.com/tiles/6cbeb83b-f012-4b73-a4b7-8f0612fa30ed/{z}/{x}/{y}/?mapToken=144de35a-b515-4453-a9e0-ab1921d7baf0
15,tile539965_736815_736967,GS,https://tiles.rasterfoundry.com/tiles/a94c3d8c-ba5d-4f85-ac6c-b5975e53e29e/{z}/{x}/{y}/?mapToken=377b0b4b-5b5b-4baf-b032-98ad9a1e5135
15,tile539967_736815_736967,GS,https://tiles.rasterfoundry.com/tiles/34e73914-bbcc-4c6b-aad6-f46756533860/{z}/{x}/{y}/?mapToken=cffb1d79-522d-4aa3-a7a7-5bf88d9533c8
15,tile539968_736815_736967,GS,https://tiles.rasterfoundry.com/tiles/60bd6f44-b334-4aba-b9e9-5b89ed83b0ef/{z}/{x}/{y}/?mapToken=aa27cb1d-8de1-46f5-9214-869e20ae480d
15,tile539969_736815_736967,GS,https://tiles.rasterfoundry.com/tiles/3f724af4-026f-456c-bf29-9d4b2c357c70/{z}/{x}/{y}/?mapToken=11d4785b-f2ab-4e2d-98c9-32186d7040d4
15,tile539970_736815_736967,GS,https://tiles.rasterfoundry.com/tiles/aaf6a99a-dfff-48b4-8855-8d6848a95a29/{z}/{x}/{y}/?mapToken=b6d2319c-40ac-42a7-bfd9-aeb7695c7f09
15,tile539972_736815_736967,GS,https://tiles.rasterfoundry.com/tiles/0b7ab453-928a-446b-8cea-3e7a2694a2fa/{z}/{x}/{y}/?mapToken=e0fed3c8-ebc8-4ccf-b650-5d49b00653c2
15,tile539973_736815_736967,GS,https://tiles.rasterfoundry.com/tiles/8aac59a7-b048-4da0-aecc-9978e5de1533/{z}/{x}/{y}/?mapToken=becf1738-e5b6-427d-9c0a-d4256e93decf
15,tile539974_736815_736967,GS,https://tiles.rasterfoundry.com/tiles/5b4af91e-cf7b-4409-a43d-01cf4bfafdb8/{z}/{x}/{y}/?mapToken=6d56e0cd-fd65-4235-a1e8-1ad1d09b8d54
15,tile539975_736815_736967,GS,https://tiles.rasterfoundry.com/tiles/7fbb58fd-4dfa-4070-8854-b87c1ce98560/{z}/{x}/{y}/?mapToken=f51ab638-6a48-4777-ae50-e3d4eef59687
15,tile539976_736815_736967,GS,https://tiles.rasterfoundry.com/tiles/ab04c2d9-0730-4b00-972e-ebef2f25a6dc/{z}/{x}/{y}/?mapToken=c68e583a-7603-4803-b40b-e96505630d34
15,tile539977_736815_736967,GS,https://tiles.rasterfoundry.com/tiles/e961f7f6-a44c-44e6-aa71-455ba02ef662/{z}/{x}/{y}/?mapToken=68d15e2b-3dcf-4447-9f95-a6e66cf94dd6
15,tile539978_736815_736967,GS,https://tiles.rasterfoundry.com/tiles/d0d820f8-e0c0-43bf-ac2c-76bf8bba9b6e/{z}/{x}/{y}/?mapToken=d762c43a-fb3d-4ddb-bfb2-d9931edfbb8a
15,tile539979_736815_736967,GS,https://tiles.rasterfoundry.com/tiles/bfa40550-ba3d-4eef-a1eb-e2fa29f608b2/{z}/{x}/{y}/?mapToken=ae886add-2a8b-4522-a78f-933a54a1413d
15,tile539980_736815_736967,GS,https://tiles.rasterfoundry.com/tiles/70857b03-9a6c-4d07-9f77-6806e6c518ff/{z}/{x}/{y}/?mapToken=13d79950-bafd-48d5-b72c-6f91fc03e1db
16,tile539981_736815_736967,GS,https://tiles.rasterfoundry.com/tiles/f8000070-cd49-4414-bbb8-62a2bb7500cf/{z}/{x}/{y}/?mapToken=e305d262-5bac-4c72-b9ba-dd0f254903c9
16,tile539982_736815_736967,GS,https://tiles.rasterfoundry.com/tiles/d322b1a1-ad4f-4e88-bb85-9ba7dfa07075/{z}/{x}/{y}/?mapToken=74201f3f-2643-40ba-b73c-0d90ccb474ad
16,tile539983_736815_736967,GS,https://tiles.rasterfoundry.com/tiles/15d087bb-fcd8-4eb6-b435-3cdd6de89690/{z}/{x}/{y}/?mapToken=03da76b2-0fba-485b-977e-8b86b3d51624
16,tile539984_736815_736967,GS,https://tiles.rasterfoundry.com/tiles/44f38ab8-72cf-466d-ae30-1fe46e3ea961/{z}/{x}/{y}/?mapToken=06cf5ef1-2524-473e-baed-7948e6345aa7
16,tile539985_736815_736967,GS,https://tiles.rasterfoundry.com/tiles/025c7d47-c0e2-4415-9ea7-0bc586a29e22/{z}/{x}/{y}/?mapToken=07ca0e38-1884-484c-9af0-bbc8235346ba
16,tile539986_736815_736967,GS,https://tiles.rasterfoundry.com/tiles/73a2c49a-d2fc-443c-b03d-517ee6ceb7b4/{z}/{x}/{y}/?mapToken=eafc3da8-87c9-49b5-907a-dc414a6eb14e
16,tile539987_736815_736967,GS,https://tiles.rasterfoundry.com/tiles/445f2750-3cf5-4d01-8fa8-658abf9b03ba/{z}/{x}/{y}/?mapToken=5634ed3c-1611-406d-9380-622b7e096c64
16,tile539988_736815_736967,GS,https://tiles.rasterfoundry.com/tiles/1b6e8dbf-3557-4e81-9e88-d044369d3ac0/{z}/{x}/{y}/?mapToken=f0f966c1-f4cd-4fdc-93b5-5910c59293f2
16,tile539989_736815_736967,GS,https://tiles.rasterfoundry.com/tiles/935da689-a288-4136-9a8d-343b11967371/{z}/{x}/{y}/?mapToken=4492d73b-3850-4b37-85a5-d3c1ed5840bc
16,tile539990_736815_736967,GS,https://tiles.rasterfoundry.com/tiles/2a1498c3-13dd-439b-8f4c-ab0a1e5a635d/{z}/{x}/{y}/?mapToken=e781a97b-bdcb-480e-aa50-103a5d5ea095
16,tile539991_736815_736967,GS,https://tiles.rasterfoundry.com/tiles/f38a5b86-5a3b-4fe2-8b90-5647959ee220/{z}/{x}/{y}/?mapToken=0989b72f-99e5-4756-887d-f64042d285c9
16,tile539992_736815_736967,GS,https://tiles.rasterfoundry.com/tiles/3e91bd39-e167-4aff-b474-0f5d81f6f067/{z}/{x}/{y}/?mapToken=4cc0ed79-4ff8-40ae-9d82-e3b1dcaade3e
16,tile539994_736815_736967,GS,https://tiles.rasterfoundry.com/tiles/69a16dfa-643f-4ef5-8e79-cbd83444ae54/{z}/{x}/{y}/?mapToken=8160546e-c6b2-42dc-9a2a-c11b525b6763
16,tile539995_736815_736967,GS,https://tiles.rasterfoundry.com/tiles/e0f6d8f3-33d5-42a9-85a0-7f5ced379f9a/{z}/{x}/{y}/?mapToken=2820575b-6434-4dfa-81dc-9625bd591e15
16,tile539996_736815_736967,GS,https://tiles.rasterfoundry.com/tiles/a2809a68-a53d-4a3a-872d-9e4d6f703fdf/{z}/{x}/{y}/?mapToken=cd430e30-a721-4a23-89bb-9ad7401e2289
16,tile539997_736815_736967,GS,https://tiles.rasterfoundry.com/tiles/786c41b2-d667-49c2-b733-18dff4725fcc/{z}/{x}/{y}/?mapToken=0c864bd6-7716-4e9f-b67c-20f6320c7adb
16,tile539998_736815_736967,GS,https://tiles.rasterfoundry.com/tiles/43795240-0061-42f4-bba3-8ad6007dc157/{z}/{x}/{y}/?mapToken=7ef6d39b-15cd-409b-ad4b-f2c9d38cbb9f
16,tile539999_736815_736967,GS,https://tiles.rasterfoundry.com/tiles/4682c408-af25-40ee-8ac8-a09a5e964f18/{z}/{x}/{y}/?mapToken=e334a33d-a96b-4cfc-870d-0b57f26148a1
16,tile540000_736815_736967,GS,https://tiles.rasterfoundry.com/tiles/7eaefb98-6470-4b1f-b3df-8db8067a627b/{z}/{x}/{y}/?mapToken=85e5493b-8553-4e27-9b8e-a3066f4b6d9a
99999,99999,99999,99999
